Concept_Tag,Concept_Category,id,Concept_Class
A,Determiners,1569,Grammar Concepts
A,Determiners,1530,Grammar Concepts
A,Determiners,1531,Grammar Concepts
A,Determiners,1532,Grammar Concepts
A,Determiners,1533,Grammar Concepts
A,Determiners,1534,Grammar Concepts
A,Determiners,1535,Grammar Concepts
A,Determiners,1536,Grammar Concepts
A,Determiners,1537,Grammar Concepts
A,Determiners,1563,Grammar Concepts
A,Determiners,1564,Grammar Concepts
A,Determiners,536,Grammar Concepts
A,Determiners,1528,Grammar Concepts
A,Determiners,1529,Grammar Concepts
A,Determiners,1544,Grammar Concepts
Active Voice,Structure,1586,Grammar Concepts
Active Voice,Structure,1587,Grammar Concepts
Active Voice,Structure,1601,Grammar Concepts
Active Voice,Structure,1598,Grammar Concepts
Active Voice,Structure,1600,Grammar Concepts
Active Voice,Structure,1602,Grammar Concepts
Active Voice,Structure,1599,Grammar Concepts
Active Voice,Structure,1588,Grammar Concepts
Active Voice,Structure,1589,Grammar Concepts
Active Voice,Structure,1605,Grammar Concepts
Active Voice,Structure,1604,Grammar Concepts
Active Voice,Structure,1603,Grammar Concepts
Adjectives,Adjectives & Adverbs,1800,Grammar Concepts
Adjectives,Adjectives & Adverbs,1802,Grammar Concepts
Adjectives,Adjectives & Adverbs,1798,Grammar Concepts
Adjectives,Adjectives & Adverbs,1799,Grammar Concepts
Adjectives,Adjectives & Adverbs,1797,Grammar Concepts
Adjectives,Adjectives & Adverbs,1801,Grammar Concepts
Adjectives,Adjectives & Adverbs,1795,Grammar Concepts
Adjectives,Adjectives & Adverbs,1796,Grammar Concepts
Adjectives to Adverbs,Adjectives & Adverbs,1816,Grammar Concepts
Adjectives to Adverbs,Adjectives & Adverbs,1815,Grammar Concepts
Adjectives to Adverbs,Adjectives & Adverbs,1831,Grammar Concepts
Adjectives to Adverbs,Adjectives & Adverbs,1832,Grammar Concepts
Adjectives to Adverbs,Adjectives & Adverbs,1825,Grammar Concepts
Adjectives to Adverbs,Adjectives & Adverbs,1826,Grammar Concepts
Adjectives to Adverbs,Adjectives & Adverbs,1824,Grammar Concepts
Adjectives to Adverbs,Adjectives & Adverbs,1823,Grammar Concepts
Adjectives to Adverbs,Adjectives & Adverbs,1813,Grammar Concepts
Adjectives to Adverbs,Adjectives & Adverbs,1814,Grammar Concepts
Adverbs,Adjectives & Adverbs,1803,Grammar Concepts
Adverbs,Adjectives & Adverbs,1805,Grammar Concepts
Adverbs,Adjectives & Adverbs,1804,Grammar Concepts
Adverbs,Adjectives & Adverbs,1808,Grammar Concepts
Adverbs,Adjectives & Adverbs,1807,Grammar Concepts
Adverbs,Adjectives & Adverbs,1812,Grammar Concepts
Adverbs,Adjectives & Adverbs,1810,Grammar Concepts
Adverbs,Adjectives & Adverbs,1809,Grammar Concepts
Adverbs,Adjectives & Adverbs,1811,Grammar Concepts
Adverbs,Adjectives & Adverbs,1806,Grammar Concepts
Adverbs,Adjectives & Adverbs,1818,Grammar Concepts
Adverbs,Adjectives & Adverbs,1820,Grammar Concepts
Adverbs,Adjectives & Adverbs,1821,Grammar Concepts
Adverbs,Adjectives & Adverbs,1819,Grammar Concepts
Adverbs,Adjectives & Adverbs,1822,Grammar Concepts
Adverbs,Adjectives & Adverbs,1817,Grammar Concepts
Adverbs,Adjectives & Adverbs,1829,Grammar Concepts
Adverbs,Adjectives & Adverbs,1828,Grammar Concepts
Adverbs,Adjectives & Adverbs,1830,Grammar Concepts
Adverbs,Adjectives & Adverbs,1827,Grammar Concepts
Although,Commonly Confused Words,826,Grammar Concepts
Although,Commonly Confused Words,827,Grammar Concepts
An,Determiners,1570,Grammar Concepts
An,Determiners,1538,Grammar Concepts
An,Determiners,1539,Grammar Concepts
An,Determiners,1540,Grammar Concepts
An,Determiners,1541,Grammar Concepts
An,Determiners,1542,Grammar Concepts
An,Determiners,1543,Grammar Concepts
An,Determiners,1565,Grammar Concepts
An,Determiners,1566,Grammar Concepts
An,Determiners,1545,Grammar Concepts
And,Conjunctions,1758,Grammar Concepts
And,Conjunctions,1759,Grammar Concepts
And,Conjunctions,1760,Grammar Concepts
And,Conjunctions,1761,Grammar Concepts
And,Conjunctions,1762,Grammar Concepts
And,Conjunctions,1763,Grammar Concepts
And,Conjunctions,1757,Grammar Concepts
And,Conjunctions,1764,Grammar Concepts
And,Conjunctions,1756,Grammar Concepts
And,Conjunctions,1755,Grammar Concepts
At (Place),Prepositions,1514,Grammar Concepts
At (Place),Prepositions,1515,Grammar Concepts
At (Place),Prepositions,1516,Grammar Concepts
At (Place),Prepositions,1513,Grammar Concepts
At (Time),Prepositions,1497,Grammar Concepts
At (Time),Prepositions,1498,Grammar Concepts
At (Time),Prepositions,1499,Grammar Concepts
At (Time),Prepositions,1500,Grammar Concepts
At (Time),Prepositions,1496,Grammar Concepts
Bare,Commonly Confused Words,844,Grammar Concepts
Bear,Commonly Confused Words,843,Grammar Concepts
Bear,Commonly Confused Words,845,Grammar Concepts
Because,Conjunctions,1785,Grammar Concepts
Because,Conjunctions,1786,Grammar Concepts
Because,Conjunctions,1787,Grammar Concepts
Because,Conjunctions,1789,Grammar Concepts
Because,Conjunctions,1790,Grammar Concepts
Because,Conjunctions,1791,Grammar Concepts
Because,Conjunctions,1792,Grammar Concepts
Because,Conjunctions,1793,Grammar Concepts
Because,Conjunctions,1794,Grammar Concepts
Both,Determiners,1207,Grammar Concepts
Both,Determiners,1208,Grammar Concepts
"Both, And",Conjunctions,1204,Grammar Concepts
"Both, And",Conjunctions,1205,Grammar Concepts
"Both, And",Conjunctions,1206,Grammar Concepts
Breath,Commonly Confused Words,869,Grammar Concepts
Breath,Commonly Confused Words,870,Grammar Concepts
Breath,Commonly Confused Words,871,Grammar Concepts
But,Conjunctions,65,Grammar Concepts
But,Conjunctions,66,Grammar Concepts
But,Conjunctions,67,Grammar Concepts
But,Conjunctions,550,Grammar Concepts
But,Conjunctions,553,Grammar Concepts
But,Conjunctions,948,Grammar Concepts
But,Conjunctions,949,Grammar Concepts
"But, Also",Conjunctions,1199,Grammar Concepts
"But, Also",Conjunctions,1200,Grammar Concepts
"But, Also",Conjunctions,1201,Grammar Concepts
"But, Also",Conjunctions,1202,Grammar Concepts
"But, Also",Conjunctions,1203,Grammar Concepts
Can,Verbs,364,Grammar Concepts
Can,Verbs,618,Grammar Concepts
Can't,Contractions,1835,Grammar Concepts
Can't,Contractions,1836,Grammar Concepts
Can't,Contractions,1833,Grammar Concepts
Can't,Contractions,1834,Grammar Concepts
Cannot,Commonly Confused Words,855,Grammar Concepts
Cannot,Commonly Confused Words,856,Grammar Concepts
Cannot,Commonly Confused Words,876,Grammar Concepts
Capitalize Addresses,Capitalization,2067,Grammar Concepts
Capitalize Addresses,Capitalization,2065,Grammar Concepts
Capitalize Addresses,Capitalization,2068,Grammar Concepts
Capitalize Addresses,Capitalization,2066,Grammar Concepts
Capitalize Addresses,Capitalization,2060,Grammar Concepts
Capitalize Addresses,Capitalization,627,Grammar Concepts
Capitalize Addresses,Capitalization,2071,Grammar Concepts
Capitalize Appropriate Words in Titles,Capitalization,1421,Grammar Concepts
Capitalize Appropriate Words in Titles,Capitalization,1416,Grammar Concepts
Capitalize Appropriate Words in Titles,Capitalization,1419,Grammar Concepts
Capitalize Appropriate Words in Titles,Capitalization,1415,Grammar Concepts
Capitalize Appropriate Words in Titles,Capitalization,1417,Grammar Concepts
Capitalize Appropriate Words in Titles,Capitalization,1418,Grammar Concepts
Capitalize Appropriate Words in Titles,Capitalization,1420,Grammar Concepts
Capitalize Appropriate Words in Titles,Capitalization,1413,Grammar Concepts
Capitalize Appropriate Words in Titles,Capitalization,1414,Grammar Concepts
Capitalize Dates,Capitalization,2161,Grammar Concepts
Capitalize Dates,Capitalization,2162,Grammar Concepts
Capitalize Dates,Capitalization,2159,Grammar Concepts
Capitalize Dates,Capitalization,2160,Grammar Concepts
Capitalize Dates,Capitalization,2168,Grammar Concepts
Capitalize Dates,Capitalization,2163,Grammar Concepts
Capitalize Dates,Capitalization,2169,Grammar Concepts
Capitalize Dates,Capitalization,2167,Grammar Concepts
Capitalize Dates,Capitalization,2166,Grammar Concepts
Capitalize Dates,Capitalization,2170,Grammar Concepts
Capitalize Geographic Names,Capitalization,2115,Grammar Concepts
Capitalize Geographic Names,Capitalization,2123,Grammar Concepts
Capitalize Geographic Names,Capitalization,2119,Grammar Concepts
Capitalize Geographic Names,Capitalization,2122,Grammar Concepts
Capitalize Geographic Names,Capitalization,2125,Grammar Concepts
Capitalize Geographic Names,Capitalization,2117,Grammar Concepts
Capitalize Geographic Names,Capitalization,2116,Grammar Concepts
Capitalize Geographic Names,Capitalization,2118,Grammar Concepts
Capitalize Geographic Names,Capitalization,2128,Grammar Concepts
Capitalize Geographic Names,Capitalization,2120,Grammar Concepts
Capitalize Geographic Names,Capitalization,2121,Grammar Concepts
Capitalize Geographic Names,Capitalization,2132,Grammar Concepts
Capitalize Geographic Names,Capitalization,2131,Grammar Concepts
Capitalize Holidays,Capitalization,2105,Grammar Concepts
Capitalize Holidays,Capitalization,2110,Grammar Concepts
Capitalize Holidays,Capitalization,2111,Grammar Concepts
Capitalize Holidays,Capitalization,2109,Grammar Concepts
Capitalize Holidays,Capitalization,2107,Grammar Concepts
Capitalize Holidays,Capitalization,2108,Grammar Concepts
Capitalize Holidays,Capitalization,2126,Grammar Concepts
Capitalize Holidays,Capitalization,2127,Grammar Concepts
Capitalize Holidays,Capitalization,2104,Grammar Concepts
Capitalize Holidays,Capitalization,2106,Grammar Concepts
Capitalize Holidays,Capitalization,2103,Grammar Concepts
Capitalize Holidays,Capitalization,2124,Grammar Concepts
Capitalize Holidays,Capitalization,2102,Grammar Concepts
Capitalize Holidays,Capitalization,2100,Grammar Concepts
Capitalize Holidays,Capitalization,2101,Grammar Concepts
Capitalize Names of People,Capitalization,2175,Grammar Concepts
Capitalize Names of People,Capitalization,2176,Grammar Concepts
Capitalize Names of People,Capitalization,2181,Grammar Concepts
Capitalize Product Names,Capitalization,2112,Grammar Concepts
Capitalize Product Names,Capitalization,2114,Grammar Concepts
Capitalize Product Names,Capitalization,2113,Grammar Concepts
Capitalize Product Names,Capitalization,2130,Grammar Concepts
Capitalize Product Names,Capitalization,2129,Grammar Concepts
Capitalize the Beginning of a Quotation,Capitalization,2062,Grammar Concepts
Capitalize the Beginning of a Quotation,Capitalization,2063,Grammar Concepts
Capitalize the Beginning of a Sentence,Capitalization,2054,Grammar Concepts
Capitalize the Beginning of a Sentence,Capitalization,2055,Grammar Concepts
Capitalize the Beginning of a Sentence,Capitalization,2058,Grammar Concepts
Capitalize the Beginning of a Sentence,Capitalization,2056,Grammar Concepts
Capitalize the Beginning of a Sentence,Capitalization,2057,Grammar Concepts
Capitalize the Beginning of a Sentence,Capitalization,2053,Grammar Concepts
Capitalize the Beginning of a Sentence,Capitalization,2052,Grammar Concepts
Capitalize the Beginning of a Sentence,Capitalization,786,Grammar Concepts
Capitalize the Beginning of a Sentence,Capitalization,788,Grammar Concepts
Capitalize the Beginning of a Sentence,Capitalization,787,Grammar Concepts
Clean,Commonly Confused Words,841,Grammar Concepts
Cleanse,Commonly Confused Words,840,Grammar Concepts
Cleanse,Commonly Confused Words,842,Grammar Concepts
Collective Nouns,Nouns & Pronouns,1718,Grammar Concepts
Collective Nouns,Nouns & Pronouns,1717,Grammar Concepts
Collective Nouns,Nouns & Pronouns,1716,Grammar Concepts
Collective Nouns,Nouns & Pronouns,1715,Grammar Concepts
Collective Nouns,Nouns & Pronouns,1714,Grammar Concepts
Collective Nouns,Nouns & Pronouns,1719,Grammar Concepts
Collective Nouns,Nouns & Pronouns,1720,Grammar Concepts
Collective Nouns,Nouns & Pronouns,1721,Grammar Concepts
Colons in Lists,Punctuation,2045,Grammar Concepts
Colons in Lists,Punctuation,2049,Grammar Concepts
Colons in Lists,Punctuation,2048,Grammar Concepts
Colons in Lists,Punctuation,2050,Grammar Concepts
Colons in Lists,Punctuation,2051,Grammar Concepts
Commas after Introductory Prepositional Phrases,Punctuation,1960,Grammar Concepts
Commas after Introductory Prepositional Phrases,Punctuation,1957,Grammar Concepts
Commas after Introductory Prepositional Phrases,Punctuation,1958,Grammar Concepts
Commas after Introductory Prepositional Phrases,Punctuation,1959,Grammar Concepts
Commas after Introductory Prepositional Phrases,Punctuation,1961,Grammar Concepts
Commas after Introductory Prepositional Phrases,Punctuation,1963,Grammar Concepts
Commas after Introductory Prepositional Phrases,Punctuation,1962,Grammar Concepts
Commas after Introductory Prepositional Phrases,Punctuation,1965,Grammar Concepts
Commas after Introductory Prepositional Phrases,Punctuation,1964,Grammar Concepts
Commas and Quotation Marks in Dialogue,Punctuation,2090,Grammar Concepts
Commas and Quotation Marks in Dialogue,Punctuation,2089,Grammar Concepts
Commas and Quotation Marks in Dialogue,Punctuation,2093,Grammar Concepts
Commas and Quotation Marks in Dialogue,Punctuation,2097,Grammar Concepts
Commas and Quotation Marks in Dialogue,Punctuation,2096,Grammar Concepts
Commas and Quotation Marks in Dialogue,Punctuation,2095,Grammar Concepts
Commas and Quotation Marks in Dialogue,Punctuation,2094,Grammar Concepts
Commas and Quotation Marks in Dialogue,Punctuation,2091,Grammar Concepts
Commas and Quotation Marks in Dialogue,Punctuation,2092,Grammar Concepts
Commas and Quotation Marks in Dialogue,Punctuation,2098,Grammar Concepts
Commas and Quotation Marks in Dialogue,Punctuation,2099,Grammar Concepts
Commas and Quotation Marks in Dialogue,Punctuation,2070,Grammar Concepts
Commas and Quotation Marks in Dialogue,Punctuation,2087,Grammar Concepts
Commas and Quotation Marks in Dialogue,Punctuation,2088,Grammar Concepts
Commas and Quotation Marks in Dialogue,Punctuation,1059,Grammar Concepts
Commas and Quotation Marks in Dialogue,Punctuation,1984,Grammar Concepts
Commas for Addressing People,Punctuation,2037,Grammar Concepts
Commas for Addressing People,Punctuation,2038,Grammar Concepts
Commas for Addressing People,Punctuation,2039,Grammar Concepts
Commas for Addressing People,Punctuation,2041,Grammar Concepts
Commas for Yes and No,Punctuation,2040,Grammar Concepts
Commas for Tag Questions,Punctuation,2033,Grammar Concepts
Commas for Tag Questions,Punctuation,2032,Grammar Concepts
Commas for Tag Questions,Punctuation,2031,Grammar Concepts
Commas for Tag Questions,Punctuation,2030,Grammar Concepts
Commas for Yes and No,Punctuation,2035,Grammar Concepts
Commas for Yes and No,Punctuation,2034,Grammar Concepts
Commas for Yes and No,Punctuation,2036,Grammar Concepts
Commas in Addresses,Punctuation,1880,Grammar Concepts
Commas in Addresses,Punctuation,1882,Grammar Concepts
Commas in Addresses,Punctuation,1878,Grammar Concepts
Commas in Addresses,Punctuation,1881,Grammar Concepts
Commas in Addresses,Punctuation,1879,Grammar Concepts
Commas in Addresses,Punctuation,1883,Grammar Concepts
Commas in Addresses,Punctuation,1877,Grammar Concepts
Commas in Addresses,Punctuation,674,Grammar Concepts
Commas in Addresses,Punctuation,1876,Grammar Concepts
Commas in Addresses,Punctuation,675,Grammar Concepts
Commas in Addresses,Punctuation,676,Grammar Concepts
Commas in Dates,Punctuation,2135,Grammar Concepts
Commas in Dates,Punctuation,2139,Grammar Concepts
Commas in Dates,Punctuation,2136,Grammar Concepts
Commas in Dates,Punctuation,2138,Grammar Concepts
Commas in Dates,Punctuation,2142,Grammar Concepts
Commas in Dates,Punctuation,2140,Grammar Concepts
Commas in Dates,Punctuation,2144,Grammar Concepts
Commas in Dates,Punctuation,2141,Grammar Concepts
Commas in Dates,Punctuation,2143,Grammar Concepts
Commas in Dates,Punctuation,2137,Grammar Concepts
Commas in Dates,Punctuation,2134,Grammar Concepts
Commas in Dates,Punctuation,2133,Grammar Concepts
Commas in Lists,Punctuation,1976,Grammar Concepts
Commas in Lists,Punctuation,2146,Grammar Concepts
Commas in Lists,Punctuation,2154,Grammar Concepts
Commas in Lists,Punctuation,2151,Grammar Concepts
Commas in Lists,Punctuation,2149,Grammar Concepts
Commas in Lists,Punctuation,2155,Grammar Concepts
Commas in Lists,Punctuation,2156,Grammar Concepts
Commas in Lists,Punctuation,2148,Grammar Concepts
Commas in Lists,Punctuation,2152,Grammar Concepts
Commas in Lists,Punctuation,2145,Grammar Concepts
Commas in Lists,Punctuation,2153,Grammar Concepts
Commas in Lists,Punctuation,2147,Grammar Concepts
Commas in Lists,Punctuation,2150,Grammar Concepts
Commas in Lists,Punctuation,2042,Grammar Concepts
Commas in Lists,Punctuation,2043,Grammar Concepts
Commas in Lists,Punctuation,2047,Grammar Concepts
Commas in Lists,Punctuation,2046,Grammar Concepts
Commas in Lists,Punctuation,2044,Grammar Concepts
Commas in Lists,Punctuation,1981,Grammar Concepts
Commas in Lists,Punctuation,2157,Grammar Concepts
Commas in Lists,Punctuation,2158,Grammar Concepts
Commas in Numbers,Punctuation,1977,Grammar Concepts
Commas in Numbers,Punctuation,1982,Grammar Concepts
Common Nouns,Nouns & Pronouns,1685,Grammar Concepts
Common Nouns,Nouns & Pronouns,1684,Grammar Concepts
Common Nouns,Nouns & Pronouns,1678,Grammar Concepts
Common Nouns,Nouns & Pronouns,1676,Grammar Concepts
Common Nouns,Nouns & Pronouns,1681,Grammar Concepts
Common Nouns,Nouns & Pronouns,1677,Grammar Concepts
Common Nouns,Nouns & Pronouns,1674,Grammar Concepts
Common Nouns,Nouns & Pronouns,1679,Grammar Concepts
Common Nouns,Nouns & Pronouns,1682,Grammar Concepts
Common Nouns,Nouns & Pronouns,1683,Grammar Concepts
Common Nouns,Nouns & Pronouns,1675,Grammar Concepts
Common Nouns,Nouns & Pronouns,1687,Grammar Concepts
Common Nouns,Nouns & Pronouns,1680,Grammar Concepts
Common Nouns,Nouns & Pronouns,1686,Grammar Concepts
Common Nouns,Nouns & Pronouns,1672,Grammar Concepts
Common Nouns,Nouns & Pronouns,1673,Grammar Concepts
Comparative Adjectives,Adjectives & Adverbs,1388,Grammar Concepts
Comparative Adjectives,Adjectives & Adverbs,1387,Grammar Concepts
Comparative Adjectives,Adjectives & Adverbs,1386,Grammar Concepts
Comparative Adjectives,Adjectives & Adverbs,1397,Grammar Concepts
Comparative Adjectives,Adjectives & Adverbs,1398,Grammar Concepts
Comparative Adjectives,Adjectives & Adverbs,1399,Grammar Concepts
Comparative Adjectives,Adjectives & Adverbs,653,Grammar Concepts
Comparative Adjectives,Adjectives & Adverbs,1395,Grammar Concepts
Comparative Adjectives,Adjectives & Adverbs,1396,Grammar Concepts
Comparative Adjectives,Adjectives & Adverbs,1385,Grammar Concepts
Comparative Adjectives,Adjectives & Adverbs,1384,Grammar Concepts
Comparative Adjectives: Better,Adjectives & Adverbs,1408,Grammar Concepts
Comparative Adjectives: Better,Adjectives & Adverbs,1406,Grammar Concepts
Comparative Adjectives: Worse,Adjectives & Adverbs,1409,Grammar Concepts
Comparative Adjectives: Worse,Adjectives & Adverbs,1410,Grammar Concepts
Correct Messy Sentences,Custom Activities,1972,Grammar Concepts
Correct Messy Sentences,Custom Activities,1973,Grammar Concepts
Correct Messy Sentences,Custom Activities,1971,Grammar Concepts
Correct Messy Sentences,Custom Activities,1968,Grammar Concepts
Correct Messy Sentences,Custom Activities,1970,Grammar Concepts
Correct Messy Sentences,Custom Activities,1969,Grammar Concepts
Correct Messy Sentences,Custom Activities,1967,Grammar Concepts
Correct Messy Sentences,Custom Activities,1966,Grammar Concepts
Correct Messy Sentences,Custom Activities,791,Grammar Concepts
Don't,Contractions,1874,Grammar Concepts
Don't,Contractions,1875,Grammar Concepts
Don't,Contractions,1871,Grammar Concepts
Don't,Contractions,1872,Grammar Concepts
Don't,Contractions,1873,Grammar Concepts
Either,Conjunctions,1190,Grammar Concepts
Either,Conjunctions,1191,Grammar Concepts
Either,Conjunctions,1192,Grammar Concepts
Either,Conjunctions,1188,Grammar Concepts
Either,Conjunctions,1189,Grammar Concepts
Ending Periods,Punctuation,1975,Grammar Concepts
Ever After,Commonly Confused Words,860,Grammar Concepts
Ever After,Commonly Confused Words,877,Grammar Concepts
Ever After,Commonly Confused Words,878,Grammar Concepts
Every Day,Commonly Confused Words,866,Grammar Concepts
Everyday,Commonly Confused Words,867,Grammar Concepts
Everyday,Commonly Confused Words,868,Grammar Concepts
Finally,Commonly Confused Words,834,Grammar Concepts
Finely,Commonly Confused Words,835,Grammar Concepts
Finely,Commonly Confused Words,836,Grammar Concepts
Future Progressive,Verbs,1376,Grammar Concepts
Future Progressive,Verbs,1379,Grammar Concepts
Future Progressive,Verbs,1377,Grammar Concepts
Future Progressive,Verbs,1378,Grammar Concepts
Future Progressive,Verbs,1382,Grammar Concepts
Future Progressive,Verbs,1383,Grammar Concepts
Future Tense Verbs,Verbs,1735,Grammar Concepts
Future Tense Verbs,Verbs,1736,Grammar Concepts
Future Tense Verbs,Verbs,1754,Grammar Concepts
Future Tense Verbs,Verbs,1742,Grammar Concepts
Future Tense Verbs,Verbs,1748,Grammar Concepts
Future Tense Verbs,Verbs,1749,Grammar Concepts
Future Tense Verbs,Verbs,1746,Grammar Concepts
Future Tense Verbs,Verbs,1740,Grammar Concepts
Future Tense Verbs,Verbs,1747,Grammar Concepts
Future Tense Verbs,Verbs,1741,Grammar Concepts
Future Tense Verbs,Verbs,1750,Grammar Concepts
Future Tense Verbs,Verbs,1743,Grammar Concepts
Future Tense Verbs,Verbs,1737,Grammar Concepts
Future Tense Verbs,Verbs,1739,Grammar Concepts
Future Tense Verbs,Verbs,1745,Grammar Concepts
Future Tense Verbs,Verbs,1744,Grammar Concepts
Future Tense Verbs,Verbs,1738,Grammar Concepts
Future Tense Verbs,Verbs,525,Grammar Concepts
Gender Pronoun Shift,Nouns & Pronouns,1182,Grammar Concepts
Gender Pronoun Shift,Nouns & Pronouns,1186,Grammar Concepts
Grease,Commonly Confused Words,838,Grammar Concepts
Grease,Commonly Confused Words,839,Grammar Concepts
Greece,Commonly Confused Words,837,Grammar Concepts
Haven't,Contractions,1868,Grammar Concepts
Haven't,Contractions,1869,Grammar Concepts
Haven't,Contractions,1870,Grammar Concepts
Haven't,Contractions,1866,Grammar Concepts
Haven't,Contractions,1867,Grammar Concepts
Haven't,Contractions,306,Grammar Concepts
Herself,Nouns & Pronouns,1487,Grammar Concepts
Herself,Nouns & Pronouns,1488,Grammar Concepts
Herself,Nouns & Pronouns,1493,Grammar Concepts
Herself,Nouns & Pronouns,2005,Grammar Concepts
Him,Nouns & Pronouns,2028,Grammar Concepts
Himself,Nouns & Pronouns,1485,Grammar Concepts
Himself,Nouns & Pronouns,1486,Grammar Concepts
Himself,Nouns & Pronouns,1484,Grammar Concepts
Himself,Nouns & Pronouns,2007,Grammar Concepts
I'm,Contractions,1854,Grammar Concepts
I'm,Contractions,1855,Grammar Concepts
I'm,Contractions,1856,Grammar Concepts
I'm,Contractions,1857,Grammar Concepts
I've,Contractions,1844,Grammar Concepts
I've,Contractions,1845,Grammar Concepts
I've,Contractions,1842,Grammar Concepts
I've,Contractions,1843,Grammar Concepts
In (Place),Prepositions,1517,Grammar Concepts
In (Place),Prepositions,1518,Grammar Concepts
In (Place),Prepositions,1519,Grammar Concepts
In (Place),Prepositions,1520,Grammar Concepts
In (Place),Prepositions,1521,Grammar Concepts
In (Place),Prepositions,1526,Grammar Concepts
In (Time),Prepositions,1501,Grammar Concepts
In (Time),Prepositions,1502,Grammar Concepts
In (Time),Prepositions,1503,Grammar Concepts
In (Time),Prepositions,1504,Grammar Concepts
In (Time),Prepositions,1505,Grammar Concepts
In (Time),Prepositions,1511,Grammar Concepts
Intensive Pronouns,Nouns & Pronouns,2010,Grammar Concepts
Intensive Pronouns,Nouns & Pronouns,2008,Grammar Concepts
Intensive Pronouns,Nouns & Pronouns,2012,Grammar Concepts
Intensive Pronouns,Nouns & Pronouns,2011,Grammar Concepts
Intensive Pronouns,Nouns & Pronouns,2014,Grammar Concepts
Intensive Pronouns,Nouns & Pronouns,2009,Grammar Concepts
Intensive Pronouns,Nouns & Pronouns,2013,Grammar Concepts
Introductory Words: However,Punctuation,715,Grammar Concepts
Introductory Words: However,Punctuation,1945,Grammar Concepts
Introductory Words: However,Punctuation,1946,Grammar Concepts
Introductory Words: However,Punctuation,1947,Grammar Concepts
Introductory Words: However,Punctuation,1948,Grammar Concepts
Introductory Words: However,Punctuation,1949,Grammar Concepts
Introductory Words: Still,Punctuation,1953,Grammar Concepts
Introductory Words: Still,Punctuation,1954,Grammar Concepts
Introductory Words: Still,Punctuation,1950,Grammar Concepts
Introductory Words: Still,Punctuation,1951,Grammar Concepts
Introductory Words: Still,Punctuation,1952,Grammar Concepts
Irregular Nouns: Child,Nouns & Pronouns,1638,Grammar Concepts
Irregular Nouns: Child,Nouns & Pronouns,1632,Grammar Concepts
Irregular Nouns: Children,Nouns & Pronouns,1633,Grammar Concepts
Irregular Nouns: Children,Nouns & Pronouns,1634,Grammar Concepts
Irregular Nouns: Children,Nouns & Pronouns,1631,Grammar Concepts
Irregular Nouns: Deer,Nouns & Pronouns,1646,Grammar Concepts
Irregular Nouns: Deer,Nouns & Pronouns,1647,Grammar Concepts
Irregular Nouns: Deer,Nouns & Pronouns,267,Grammar Concepts
Irregular Nouns: Deer,Nouns & Pronouns,1649,Grammar Concepts
Irregular Nouns: Feet,Nouns & Pronouns,1624,Grammar Concepts
Irregular Nouns: Feet,Nouns & Pronouns,1625,Grammar Concepts
Irregular Nouns: Feet,Nouns & Pronouns,1623,Grammar Concepts
Irregular Nouns: Foot,Nouns & Pronouns,1629,Grammar Concepts
Irregular Nouns: Geese,Nouns & Pronouns,1645,Grammar Concepts
Irregular Nouns: Geese,Nouns & Pronouns,1648,Grammar Concepts
Irregular Nouns: Goose,Nouns & Pronouns,1644,Grammar Concepts
Irregular Nouns: Men,Nouns & Pronouns,1616,Grammar Concepts
Irregular Nouns: Men,Nouns & Pronouns,1617,Grammar Concepts
Irregular Nouns: Men,Nouns & Pronouns,1621,Grammar Concepts
Irregular Nouns: Men,Nouns & Pronouns,1615,Grammar Concepts
Irregular Nouns: Mice,Nouns & Pronouns,1642,Grammar Concepts
Irregular Nouns: Mice,Nouns & Pronouns,1643,Grammar Concepts
Irregular Nouns: Mice,Nouns & Pronouns,1641,Grammar Concepts
Irregular Nouns: People,Nouns & Pronouns,1635,Grammar Concepts
Irregular Nouns: People,Nouns & Pronouns,1636,Grammar Concepts
Irregular Nouns: People,Nouns & Pronouns,1639,Grammar Concepts
Irregular Nouns: Person,Nouns & Pronouns,1637,Grammar Concepts
Irregular Nouns: Person,Nouns & Pronouns,1640,Grammar Concepts
Irregular Nouns: Teeth,Nouns & Pronouns,1626,Grammar Concepts
Irregular Nouns: Teeth,Nouns & Pronouns,1627,Grammar Concepts
Irregular Nouns: Teeth,Nouns & Pronouns,1630,Grammar Concepts
Irregular Nouns: Tooth,Nouns & Pronouns,1628,Grammar Concepts
Irregular Nouns: Women,Nouns & Pronouns,1619,Grammar Concepts
Irregular Nouns: Women,Nouns & Pronouns,1620,Grammar Concepts
Irregular Nouns: Women,Nouns & Pronouns,1618,Grammar Concepts
Irregular Nouns: Women,Nouns & Pronouns,1622,Grammar Concepts
Irregular Past Participles: Been,Verbs,1943,Grammar Concepts
Irregular Past Participles: Been,Verbs,1944,Grammar Concepts
Irregular Past Participles: Been,Verbs,1930,Grammar Concepts
Irregular Past Participles: Been,Verbs,1931,Grammar Concepts
Irregular Past Participles: Been,Verbs,1932,Grammar Concepts
Irregular Past Participles: Been,Verbs,1933,Grammar Concepts
Irregular Past Participles: Been,Verbs,1934,Grammar Concepts
Irregular Past Participles: Been,Verbs,1935,Grammar Concepts
Irregular Past Participles: Been,Verbs,1936,Grammar Concepts
Irregular Past Participles: Been,Verbs,1937,Grammar Concepts
Irregular Past Participles: Been,Verbs,1938,Grammar Concepts
Irregular Past Participles: Been,Verbs,1939,Grammar Concepts
Irregular Past Participles: Been,Verbs,1940,Grammar Concepts
Irregular Past Participles: Eaten,Verbs,1922,Grammar Concepts
Irregular Past Participles: Eaten,Verbs,1923,Grammar Concepts
Irregular Past Participles: Eaten,Verbs,1924,Grammar Concepts
Irregular Past Participles: Eaten,Verbs,1925,Grammar Concepts
Irregular Past Participles: Eaten,Verbs,1926,Grammar Concepts
Irregular Past Participles: Eaten,Verbs,1927,Grammar Concepts
Irregular Past Participles: Eaten,Verbs,1928,Grammar Concepts
Irregular Past Participles: Eaten,Verbs,1929,Grammar Concepts
Irregular Past Participles: Eaten,Verbs,1941,Grammar Concepts
Irregular Past Participles: Eaten,Verbs,1942,Grammar Concepts
Irregular Past Tense Verb: Became,Verbs,1462,Grammar Concepts
Irregular Past Tense Verb: Became,Verbs,1463,Grammar Concepts
Irregular Past Tense Verb: Became,Verbs,1465,Grammar Concepts
Irregular Past Tense Verb: Became,Verbs,1165,Grammar Concepts
Irregular Past Tense Verbs: Broke,Verbs,1424,Grammar Concepts
Irregular Past Tense Verbs: Broke,Verbs,1425,Grammar Concepts
Irregular Past Tense Verbs: Broke,Verbs,1422,Grammar Concepts
Irregular Past Tense Verbs: Broke,Verbs,1423,Grammar Concepts
Irregular Past Tense Verbs: Built,Verbs,1426,Grammar Concepts
Irregular Past Tense Verbs: Built,Verbs,1427,Grammar Concepts
Irregular Past Tense Verbs: Built,Verbs,1428,Grammar Concepts
Irregular Past Tense Verbs: Built,Verbs,1429,Grammar Concepts
Irregular Past Tense Verbs: Built,Verbs,1430,Grammar Concepts
Irregular Past Tense Verbs: Came,Verbs,1433,Grammar Concepts
Irregular Past Tense Verbs: Came,Verbs,1431,Grammar Concepts
Irregular Past Tense Verbs: Came,Verbs,1432,Grammar Concepts
Irregular Past Tense Verbs: Did,Verbs,1434,Grammar Concepts
Irregular Past Tense Verbs: Did,Verbs,1436,Grammar Concepts
Irregular Past Tense Verbs: Did,Verbs,1437,Grammar Concepts
Irregular Past Tense Verbs: Dug,Verbs,1469,Grammar Concepts
Irregular Past Tense Verbs: Dug,Verbs,1470,Grammar Concepts
Irregular Past Tense Verbs: Dug,Verbs,885,Grammar Concepts
Irregular Past Tense Verbs: Dug,Verbs,887,Grammar Concepts
Irregular Past Tense Verbs: Dug,Verbs,1473,Grammar Concepts
Irregular Past Tense Verbs: Found,Verbs,1471,Grammar Concepts
Irregular Past Tense Verbs: Found,Verbs,1472,Grammar Concepts
Irregular Past Tense Verbs: Found,Verbs,1474,Grammar Concepts
Irregular Past Tense Verbs: Gone,Verbs,1908,Grammar Concepts
Irregular Past Tense Verbs: Gone,Verbs,1909,Grammar Concepts
Irregular Past Tense Verbs: Gone,Verbs,1910,Grammar Concepts
Irregular Past Tense Verbs: Gone,Verbs,1911,Grammar Concepts
Irregular Past Tense Verbs: Gone,Verbs,1912,Grammar Concepts
Irregular Past Tense Verbs: Gone,Verbs,1913,Grammar Concepts
Irregular Past Tense Verbs: Gone,Verbs,1916,Grammar Concepts
Irregular Past Tense Verbs: Gone,Verbs,1917,Grammar Concepts
Irregular Past Tense Verbs: Hid,Verbs,1450,Grammar Concepts
Irregular Past Tense Verbs: Hid,Verbs,1451,Grammar Concepts
Irregular Past Tense Verbs: Hid,Verbs,964,Grammar Concepts
Irregular Past Tense Verbs: Hid,Verbs,1454,Grammar Concepts
Irregular Past Tense Verbs: Hid,Verbs,1455,Grammar Concepts
Irregular Past Tense Verbs: Knew,Verbs,1457,Grammar Concepts
Irregular Past Tense Verbs: Knew,Verbs,1458,Grammar Concepts
Irregular Past Tense Verbs: Knew,Verbs,1456,Grammar Concepts
Irregular Past Tense Verbs: Lost,Verbs,1886,Grammar Concepts
Irregular Past Tense Verbs: Lost,Verbs,1887,Grammar Concepts
Irregular Past Tense Verbs: Lost,Verbs,1888,Grammar Concepts
Irregular Past Tense Verbs: Lost,Verbs,1889,Grammar Concepts
Irregular Past Tense Verbs: Lost,Verbs,1890,Grammar Concepts
Irregular Past Tense Verbs: Lost,Verbs,1891,Grammar Concepts
Irregular Past Tense Verbs: Lost,Verbs,1892,Grammar Concepts
Irregular Past Tense Verbs: Lost,Verbs,1893,Grammar Concepts
Irregular Past Tense Verbs: Lost,Verbs,1894,Grammar Concepts
Irregular Past Tense Verbs: Lost,Verbs,1895,Grammar Concepts
Irregular Past Tense Verbs: Lost,Verbs,1896,Grammar Concepts
Irregular Past Tense Verbs: Lost,Verbs,753,Grammar Concepts
Irregular Past Tense Verbs: Lost,Verbs,1884,Grammar Concepts
Irregular Past Tense Verbs: Lost,Verbs,1885,Grammar Concepts
Irregular Past Tense Verbs: Made,Verbs,1459,Grammar Concepts
Irregular Past Tense Verbs: Made,Verbs,1460,Grammar Concepts
Irregular Past Tense Verbs: Made,Verbs,1461,Grammar Concepts
Irregular Past Tense Verbs: Made,Verbs,1897,Grammar Concepts
Irregular Past Tense Verbs: Made,Verbs,1898,Grammar Concepts
Irregular Past Tense Verbs: Made,Verbs,1899,Grammar Concepts
Irregular Past Tense Verbs: Made,Verbs,1900,Grammar Concepts
Irregular Past Tense Verbs: Made,Verbs,1901,Grammar Concepts
Irregular Past Tense Verbs: Made,Verbs,1902,Grammar Concepts
Irregular Past Tense Verbs: Made,Verbs,1903,Grammar Concepts
Irregular Past Tense Verbs: Made,Verbs,1904,Grammar Concepts
Irregular Past Tense Verbs: Made,Verbs,1905,Grammar Concepts
Irregular Past Tense Verbs: Made,Verbs,1906,Grammar Concepts
Irregular Past Tense Verbs: Made,Verbs,1907,Grammar Concepts
Irregular Past Tense Verbs: Made,Verbs,1464,Grammar Concepts
Irregular Past Tense Verbs: Made,Verbs,1914,Grammar Concepts
Irregular Past Tense Verbs: Made,Verbs,1915,Grammar Concepts
Irregular Past Tense Verbs: Sat,Verbs,1449,Grammar Concepts
Irregular Past Tense Verbs: Sat,Verbs,1452,Grammar Concepts
Irregular Past Tense Verbs: Sat,Verbs,1453,Grammar Concepts
Irregular Past Tense Verbs: Saw,Verbs,1467,Grammar Concepts
Irregular Past Tense Verbs: Saw,Verbs,1468,Grammar Concepts
Irregular Past Tense Verbs: Saw,Verbs,1466,Grammar Concepts
Irregular Past Tense Verbs: Shown,Commonly Confused Words,853,Grammar Concepts
Irregular Past Tense Verbs: Shown,Commonly Confused Words,854,Grammar Concepts
Irregular Past Tense Verbs: Spoke,Nouns & Pronouns,1444,Grammar Concepts
Irregular Past Tense Verbs: Spoke,Verbs,1445,Grammar Concepts
Irregular Past Tense Verbs: Spoke,Verbs,1447,Grammar Concepts
Irregular Past Tense Verbs: Spoke,Verbs,1448,Grammar Concepts
Irregular Past Tense Verbs: Went,Verbs,1435,Grammar Concepts
Irregular Past Tense Verbs: Went,Verbs,212,Grammar Concepts
Irregular Past Tense Verbs: Went,Verbs,1438,Grammar Concepts
Irregular Past Tense Verbs: Went,Verbs,1439,Grammar Concepts
Irregular Past Tense Verbs: Wrote,Verbs,1442,Grammar Concepts
Irregular Past Tense Verbs: Wrote,Verbs,1443,Grammar Concepts
Irregular Past Tense Verbs: Wrote,Verbs,1446,Grammar Concepts
Irregular Past Tense Verbs: Wrote,Verbs,1440,Grammar Concepts
Irregular Past Tense Verbs: Wrote,Verbs,1441,Grammar Concepts
"Irregular Plural Nouns Ending with ""F""",Nouns & Pronouns,1613,Grammar Concepts
"Irregular Plural Nouns Ending with ""F""",Nouns & Pronouns,1609,Grammar Concepts
"Irregular Plural Nouns Ending with ""F""",Nouns & Pronouns,1610,Grammar Concepts
"Irregular Plural Nouns Ending with ""Fe""",Nouns & Pronouns,1606,Grammar Concepts
"Irregular Plural Nouns Ending with ""Fe""",Nouns & Pronouns,1608,Grammar Concepts
"Irregular Plural Nouns Ending with ""Fe""",Nouns & Pronouns,1607,Grammar Concepts
"Irregular Plural Nouns Ending with ""O""",Nouns & Pronouns,1614,Grammar Concepts
"Irregular Plural Nouns Ending with ""O""",Nouns & Pronouns,1612,Grammar Concepts
"Irregular Plural Nouns Ending with ""O""",Nouns & Pronouns,1611,Grammar Concepts
It's,Commonly Confused Words,1852,Grammar Concepts
It's,Commonly Confused Words,1853,Grammar Concepts
It's,Commonly Confused Words,1209,Grammar Concepts
It's,Commonly Confused Words,1210,Grammar Concepts
It's,Contractions,1215,Grammar Concepts
It's,Contractions,1216,Grammar Concepts
It's,Contractions,1848,Grammar Concepts
It's,Contractions,1849,Grammar Concepts
Its,Commonly Confused Words,1211,Grammar Concepts
Its,Commonly Confused Words,1212,Grammar Concepts
Its,Contractions,1213,Grammar Concepts
Its,Contractions,1214,Grammar Concepts
Itself,Nouns & Pronouns,1489,Grammar Concepts
Itself,Nouns & Pronouns,1490,Grammar Concepts
Itself,Nouns & Pronouns,1494,Grammar Concepts
Let's,Contractions,1860,Grammar Concepts
Let's,Contractions,1861,Grammar Concepts
Let's,Contractions,1864,Grammar Concepts
Let's,Contractions,1865,Grammar Concepts
Let's,Contractions,889,Grammar Concepts
Lets,Contractions,888,Grammar Concepts
Lets,Contractions,890,Grammar Concepts
Loose,Commonly Confused Words,1229,Grammar Concepts
Loose,Commonly Confused Words,1230,Grammar Concepts
Loose,Commonly Confused Words,811,Grammar Concepts
Loose,Commonly Confused Words,1225,Grammar Concepts
Loose,Commonly Confused Words,1226,Grammar Concepts
Lose,Commonly Confused Words,1224,Grammar Concepts
Lose,Commonly Confused Words,1231,Grammar Concepts
Lose,Commonly Confused Words,1227,Grammar Concepts
Lose,Commonly Confused Words,1228,Grammar Concepts
Marry,Commonly Confused Words,865,Grammar Concepts
Mary,Commonly Confused Words,864,Grammar Concepts
Mary,Commonly Confused Words,875,Grammar Concepts
May,Verbs,363,Grammar Concepts
Meant,Commonly Confused Words,824,Grammar Concepts
Meant,Commonly Confused Words,825,Grammar Concepts
Meanwhile,Commonly Confused Words,1955,Grammar Concepts
Meanwhile,Commonly Confused Words,1956,Grammar Concepts
Mint,Commonly Confused Words,823,Grammar Concepts
Misplaced Modifiers,Adjectives & Adverbs,1997,Grammar Concepts
Misplaced Modifiers,Adjectives & Adverbs,2001,Grammar Concepts
Misplaced Modifiers,Adjectives & Adverbs,2000,Grammar Concepts
Misplaced Modifiers,Adjectives & Adverbs,1998,Grammar Concepts
Misplaced Modifiers,Adjectives & Adverbs,2004,Grammar Concepts
Misplaced Modifiers,Adjectives & Adverbs,2002,Grammar Concepts
Misplaced Modifiers,Adjectives & Adverbs,1996,Grammar Concepts
Misplaced Modifiers,Adjectives & Adverbs,2003,Grammar Concepts
Misplaced Modifiers,Adjectives & Adverbs,1999,Grammar Concepts
Misplaced Modifiers,Adjectives & Adverbs,1994,Grammar Concepts
Misplaced Modifiers,Adjectives & Adverbs,1993,Grammar Concepts
Misplaced Modifiers,Adjectives & Adverbs,1992,Grammar Concepts
Must,Verbs,365,Grammar Concepts
Myself,Nouns & Pronouns,1477,Grammar Concepts
Myself,Nouns & Pronouns,1476,Grammar Concepts
Myself,Nouns & Pronouns,2006,Grammar Concepts
Myself,Nouns & Pronouns,1475,Grammar Concepts
Neither,Conjunctions,1193,Grammar Concepts
Neither,Conjunctions,1194,Grammar Concepts
Neither,Conjunctions,1195,Grammar Concepts
Neither,Conjunctions,1197,Grammar Concepts
Neither,Conjunctions,1198,Grammar Concepts
Number Pronoun Shift,Nouns & Pronouns,1181,Grammar Concepts
Number Pronoun Shift,Nouns & Pronouns,1183,Grammar Concepts
Number Pronoun Shift,Nouns & Pronouns,1187,Grammar Concepts
Number Pronoun Shift,Nouns & Pronouns,1184,Grammar Concepts
Number Pronoun Shift,Nouns & Pronouns,1185,Grammar Concepts
Objective Pronouns,Nouns & Pronouns,2018,Grammar Concepts
Objective Pronouns,Nouns & Pronouns,2019,Grammar Concepts
Objective Pronouns,Nouns & Pronouns,2025,Grammar Concepts
Of,Commonly Confused Words,1223,Grammar Concepts
Of,Commonly Confused Words,1219,Grammar Concepts
Of,Commonly Confused Words,1220,Grammar Concepts
Off,Commonly Confused Words,1221,Grammar Concepts
Off,Commonly Confused Words,1222,Grammar Concepts
Off,Commonly Confused Words,1217,Grammar Concepts
Off,Commonly Confused Words,1218,Grammar Concepts
Omename.,,2185,Grammar Concepts
Omenamex2.,,2186,Grammar Concepts
Omenamex55.,,2187,Grammar Concepts
On (Place),Prepositions,1522,Grammar Concepts
On (Place),Prepositions,1523,Grammar Concepts
On (Place),Prepositions,1524,Grammar Concepts
On (Place),Prepositions,1525,Grammar Concepts
On (Place),Prepositions,1527,Grammar Concepts
On (Time),Prepositions,1506,Grammar Concepts
On (Time),Prepositions,1507,Grammar Concepts
On (Time),Prepositions,1508,Grammar Concepts
On (Time),Prepositions,1509,Grammar Concepts
On (Time),Prepositions,1510,Grammar Concepts
On (Time),Prepositions,1512,Grammar Concepts
Or,Conjunctions,1765,Grammar Concepts
Or,Conjunctions,1766,Grammar Concepts
Or,Conjunctions,1767,Grammar Concepts
Or,Conjunctions,1768,Grammar Concepts
Or,Conjunctions,1769,Grammar Concepts
Or,Conjunctions,1770,Grammar Concepts
Or,Conjunctions,1771,Grammar Concepts
Or,Conjunctions,1772,Grammar Concepts
Or,Conjunctions,1773,Grammar Concepts
Ourselves,Nouns & Pronouns,2023,Grammar Concepts
Ourselves,Nouns & Pronouns,1491,Grammar Concepts
Ourselves,Nouns & Pronouns,1492,Grammar Concepts
Ourselves,Nouns & Pronouns,1495,Grammar Concepts
Parallel Structure,Structure,1173,Grammar Concepts
Parallel Structure,Structure,1174,Grammar Concepts
Parallel Structure,Structure,1176,Grammar Concepts
Parallel Structure,Structure,1171,Grammar Concepts
Parallel Structure,Structure,1172,Grammar Concepts
Parallel Structure,Structure,1175,Grammar Concepts
Passed,Commonly Confused Words,858,Grammar Concepts
Passive Voice,Structure,1584,Grammar Concepts
Passive Voice,Structure,1585,Grammar Concepts
Passive Voice,Structure,1596,Grammar Concepts
Passive Voice,Structure,1594,Grammar Concepts
Passive Voice,Structure,1593,Grammar Concepts
Passive Voice,Structure,1595,Grammar Concepts
Passive Voice,Structure,1597,Grammar Concepts
Passive Voice,Structure,1583,Grammar Concepts
Passive Voice,Structure,1582,Grammar Concepts
Passive Voice,Structure,1592,Grammar Concepts
Passive Voice,Structure,1590,Grammar Concepts
Passive Voice,Structure,1591,Grammar Concepts
Past,Commonly Confused Words,857,Grammar Concepts
Past,Commonly Confused Words,859,Grammar Concepts
Past Progressive,Verbs,1372,Grammar Concepts
Past Progressive,Verbs,1373,Grammar Concepts
Past Progressive,Verbs,1375,Grammar Concepts
Past Progressive,Verbs,1374,Grammar Concepts
Past Progressive,Verbs,1380,Grammar Concepts
Past Progressive,Verbs,1381,Grammar Concepts
Past Tense Verbs,Verbs,1730,Grammar Concepts
Past Tense Verbs,Verbs,1732,Grammar Concepts
Past Tense Verbs,Verbs,1728,Grammar Concepts
Past Tense Verbs,Verbs,1731,Grammar Concepts
Past Tense Verbs,Verbs,1727,Grammar Concepts
Past Tense Verbs,Verbs,1733,Grammar Concepts
Past Tense Verbs,Verbs,1729,Grammar Concepts
Past Tense Verbs,Verbs,1734,Grammar Concepts
Past Tense Verbs,Verbs,1725,Grammar Concepts
Past Tense Verbs,Verbs,1722,Grammar Concepts
Past Tense Verbs,Verbs,1723,Grammar Concepts
Past Tense Verbs,Verbs,83,Grammar Concepts
Periods in Numbers,Punctuation,1978,Grammar Concepts
Periods in Numbers,Punctuation,1983,Grammar Concepts
Pleas,Commonly Confused Words,828,Grammar Concepts
Pleas,Commonly Confused Words,830,Grammar Concepts
Please,Commonly Confused Words,829,Grammar Concepts
Plural Nouns,Nouns & Pronouns,1668,Grammar Concepts
Plural Nouns,Nouns & Pronouns,1657,Grammar Concepts
Plural Nouns,Nouns & Pronouns,1655,Grammar Concepts
Plural Nouns,Nouns & Pronouns,1651,Grammar Concepts
Plural Possessive,Nouns & Pronouns,2086,Grammar Concepts
Plural Possessive,Nouns & Pronouns,2085,Grammar Concepts
Poor,Commonly Confused Words,831,Grammar Concepts
Poor,Commonly Confused Words,833,Grammar Concepts
Possessive Nouns,Nouns & Pronouns,1707,Grammar Concepts
Possessive Nouns,Nouns & Pronouns,2078,Grammar Concepts
Possessive Nouns,Nouns & Pronouns,1708,Grammar Concepts
Possessive Nouns,Nouns & Pronouns,1712,Grammar Concepts
Possessive Nouns,Nouns & Pronouns,2074,Grammar Concepts
Possessive Nouns,Nouns & Pronouns,1704,Grammar Concepts
Possessive Nouns,Nouns & Pronouns,1705,Grammar Concepts
Possessive Nouns,Nouns & Pronouns,2075,Grammar Concepts
Possessive Nouns,Nouns & Pronouns,2077,Grammar Concepts
Possessive Nouns,Nouns & Pronouns,1706,Grammar Concepts
Possessive Nouns,Nouns & Pronouns,1713,Grammar Concepts
Possessive Nouns,Nouns & Pronouns,2082,Grammar Concepts
Possessive Nouns,Nouns & Pronouns,2080,Grammar Concepts
Possessive Nouns,Nouns & Pronouns,1703,Grammar Concepts
Possessive Nouns,Nouns & Pronouns,1701,Grammar Concepts
Possessive Nouns,Nouns & Pronouns,1702,Grammar Concepts
Possessive Nouns,Nouns & Pronouns,2083,Grammar Concepts
Possessive Nouns,Nouns & Pronouns,1710,Grammar Concepts
Possessive Nouns,Nouns & Pronouns,1711,Grammar Concepts
Possessive Nouns,Nouns & Pronouns,2076,Grammar Concepts
Possessive Nouns,Nouns & Pronouns,1709,Grammar Concepts
Possessive Nouns,Nouns & Pronouns,2081,Grammar Concepts
Possessive Nouns,Nouns & Pronouns,2079,Grammar Concepts
Possessive Pronouns,Nouns & Pronouns,2020,Grammar Concepts
Possessive Pronouns,Nouns & Pronouns,2027,Grammar Concepts
Possessive Pronouns,Nouns & Pronouns,2021,Grammar Concepts
Possessive Pronouns,Nouns & Pronouns,2024,Grammar Concepts
Possessive Pronouns,Nouns & Pronouns,439,Grammar Concepts
Pour,Commonly Confused Words,832,Grammar Concepts
Prepositional Phrases: Adverb,Prepositions,379,Grammar Concepts
Prepositional Phrases: Adverb,Prepositions,380,Grammar Concepts
Prepositional Phrases: Adverb,Prepositions,622,Grammar Concepts
Present Progressive,Verbs,1370,Grammar Concepts
Present Progressive,Verbs,1371,Grammar Concepts
Present Progressive,Verbs,1368,Grammar Concepts
Present Progressive,Verbs,1369,Grammar Concepts
Present Progressive,Verbs,1366,Grammar Concepts
Present Progressive,Verbs,1367,Grammar Concepts
Pronoun Shift: Plural,Nouns & Pronouns,458,Grammar Concepts
Pronoun Shift: Singular,Nouns & Pronouns,1179,Grammar Concepts
Pronoun Shift: Singular,Nouns & Pronouns,1180,Grammar Concepts
Pronoun Shift: Singular,Nouns & Pronouns,462,Grammar Concepts
Pronoun Shift: Singular,Nouns & Pronouns,456,Grammar Concepts
Pronoun Shift: Singular,Nouns & Pronouns,457,Grammar Concepts
Proper Nouns,Nouns & Pronouns,2069,Grammar Concepts
Proper Nouns,Nouns & Pronouns,1698,Grammar Concepts
Proper Nouns,Nouns & Pronouns,1697,Grammar Concepts
Proper Nouns,Capitalization,2059,Grammar Concepts
Proper Nouns,Capitalization,2064,Grammar Concepts
Proper Nouns,Capitalization,2061,Grammar Concepts
Proper Nouns,Nouns & Pronouns,1692,Grammar Concepts
Proper Nouns,Nouns & Pronouns,1695,Grammar Concepts
Proper Nouns,Nouns & Pronouns,1690,Grammar Concepts
Proper Nouns,Nouns & Pronouns,1696,Grammar Concepts
Proper Nouns,Nouns & Pronouns,1689,Grammar Concepts
Proper Nouns,Nouns & Pronouns,1694,Grammar Concepts
Proper Nouns,Nouns & Pronouns,1691,Grammar Concepts
Proper Nouns,Nouns & Pronouns,1688,Grammar Concepts
Proper Nouns,Nouns & Pronouns,1693,Grammar Concepts
Proper Nouns,Nouns & Pronouns,2172,Grammar Concepts
Proper Nouns,Nouns & Pronouns,2180,Grammar Concepts
Proper Nouns,Nouns & Pronouns,2174,Grammar Concepts
Proper Nouns,Nouns & Pronouns,2171,Grammar Concepts
Proper Nouns,Nouns & Pronouns,2173,Grammar Concepts
Proper Nouns,Nouns & Pronouns,45,Grammar Concepts
Proper Nouns,Nouns & Pronouns,2165,Grammar Concepts
Proper Nouns,Nouns & Pronouns,2182,Grammar Concepts
Proper Nouns,Nouns & Pronouns,2177,Grammar Concepts
Proper Nouns,Nouns & Pronouns,2164,Grammar Concepts
Proper Nouns,Nouns & Pronouns,2178,Grammar Concepts
Proper Nouns,Nouns & Pronouns,2183,Grammar Concepts
Proper Nouns,Nouns & Pronouns,2179,Grammar Concepts
Quiet,Commonly Confused Words,873,Grammar Concepts
Quite,Commonly Confused Words,872,Grammar Concepts
Quite,Commonly Confused Words,874,Grammar Concepts
Raise,Commonly Confused Words,847,Grammar Concepts
Raise,Commonly Confused Words,848,Grammar Concepts
Razing,Commonly Confused Words,846,Grammar Concepts
Regular Past Participles,Verbs,1920,Grammar Concepts
Regular Past Participles,Verbs,1921,Grammar Concepts
Regular Past Participles,Verbs,1919,Grammar Concepts
Regular Past Participles,Verbs,1918,Grammar Concepts
Relative Pronouns: That,Determiners,1548,Grammar Concepts
Relative Pronouns: That,Determiners,1550,Grammar Concepts
Relative Pronouns: That,Nouns & Pronouns,1341,Grammar Concepts
Relative Pronouns: That,Nouns & Pronouns,1356,Grammar Concepts
Relative Pronouns: That,Nouns & Pronouns,1357,Grammar Concepts
Relative Pronouns: That,Nouns & Pronouns,1298,Grammar Concepts
Relative Pronouns: That,Nouns & Pronouns,1299,Grammar Concepts
Relative Pronouns: That,Nouns & Pronouns,1339,Grammar Concepts
Relative Pronouns: That,Nouns & Pronouns,1340,Grammar Concepts
Relative Pronouns: That,Nouns & Pronouns,1342,Grammar Concepts
Relative Pronouns: That,Nouns & Pronouns,1343,Grammar Concepts
Relative Pronouns: That,Nouns & Pronouns,1358,Grammar Concepts
Relative Pronouns: That,Nouns & Pronouns,1359,Grammar Concepts
Relative Pronouns: That,Nouns & Pronouns,1120,Grammar Concepts
Relative Pronouns: That,Nouns & Pronouns,1552,Grammar Concepts
Relative Pronouns: That,Nouns & Pronouns,1553,Grammar Concepts
Relative Pronouns: That,Nouns & Pronouns,1292,Grammar Concepts
Relative Pronouns: That,Nouns & Pronouns,1293,Grammar Concepts
Relative Pronouns: That,Nouns & Pronouns,1294,Grammar Concepts
Relative Pronouns: When,Nouns & Pronouns,1318,Grammar Concepts
Relative Pronouns: When,Nouns & Pronouns,1319,Grammar Concepts
Relative Pronouns: When,Nouns & Pronouns,1320,Grammar Concepts
Relative Pronouns: When,Nouns & Pronouns,1300,Grammar Concepts
Relative Pronouns: When,Nouns & Pronouns,1301,Grammar Concepts
Relative Pronouns: When,Nouns & Pronouns,1323,Grammar Concepts
Relative Pronouns: When,Nouns & Pronouns,1362,Grammar Concepts
Relative Pronouns: When,Nouns & Pronouns,1363,Grammar Concepts
Relative Pronouns: When,Nouns & Pronouns,1295,Grammar Concepts
Relative Pronouns: When,Nouns & Pronouns,1296,Grammar Concepts
Relative Pronouns: When,Nouns & Pronouns,1297,Grammar Concepts
Relative Pronouns: Where,Nouns & Pronouns,1315,Grammar Concepts
Relative Pronouns: Where,Nouns & Pronouns,1316,Grammar Concepts
Relative Pronouns: Where,Nouns & Pronouns,1317,Grammar Concepts
Relative Pronouns: Where,Nouns & Pronouns,1285,Grammar Concepts
Relative Pronouns: Where,Nouns & Pronouns,1286,Grammar Concepts
Relative Pronouns: Where,Nouns & Pronouns,1321,Grammar Concepts
Relative Pronouns: Where,Nouns & Pronouns,1322,Grammar Concepts
Relative Pronouns: Where,Nouns & Pronouns,1360,Grammar Concepts
Relative Pronouns: Where,Nouns & Pronouns,1361,Grammar Concepts
Relative Pronouns: Where,Nouns & Pronouns,1280,Grammar Concepts
Relative Pronouns: Where,Nouns & Pronouns,1281,Grammar Concepts
Relative Pronouns: Where,Nouns & Pronouns,1282,Grammar Concepts
Relative Pronouns: Which,Nouns & Pronouns,1314,Grammar Concepts
Relative Pronouns: Which,Nouns & Pronouns,1355,Grammar Concepts
Relative Pronouns: Which,Nouns & Pronouns,324,Grammar Concepts
Relative Pronouns: Which,Nouns & Pronouns,1274,Grammar Concepts
Relative Pronouns: Which,Nouns & Pronouns,1275,Grammar Concepts
Relative Pronouns: Which,Nouns & Pronouns,1276,Grammar Concepts
Relative Pronouns: Which,Nouns & Pronouns,1312,Grammar Concepts
Relative Pronouns: Which,Nouns & Pronouns,1313,Grammar Concepts
Relative Pronouns: Which,Nouns & Pronouns,1354,Grammar Concepts
Relative Pronouns: Who,Nouns & Pronouns,1326,Grammar Concepts
Relative Pronouns: Who,Nouns & Pronouns,1327,Grammar Concepts
Relative Pronouns: Who,Nouns & Pronouns,1328,Grammar Concepts
Relative Pronouns: Who,Nouns & Pronouns,1277,Grammar Concepts
Relative Pronouns: Who,Nouns & Pronouns,1278,Grammar Concepts
Relative Pronouns: Who,Nouns & Pronouns,1279,Grammar Concepts
Relative Pronouns: Who,Nouns & Pronouns,1283,Grammar Concepts
Relative Pronouns: Who,Nouns & Pronouns,1284,Grammar Concepts
Relative Pronouns: Who,Nouns & Pronouns,1324,Grammar Concepts
Relative Pronouns: Who,Nouns & Pronouns,1325,Grammar Concepts
Relative Pronouns: Who,Nouns & Pronouns,1349,Grammar Concepts
Relative Pronouns: Whom,Nouns & Pronouns,1332,Grammar Concepts
Relative Pronouns: Whom,Nouns & Pronouns,1333,Grammar Concepts
Relative Pronouns: Whom,Nouns & Pronouns,1352,Grammar Concepts
Relative Pronouns: Whom,Nouns & Pronouns,1334,Grammar Concepts
Relative Pronouns: Whom,Nouns & Pronouns,1302,Grammar Concepts
Relative Pronouns: Whom,Nouns & Pronouns,1303,Grammar Concepts
Relative Pronouns: Whom,Nouns & Pronouns,1304,Grammar Concepts
Relative Pronouns: Whom,Nouns & Pronouns,1305,Grammar Concepts
Relative Pronouns: Whom,Nouns & Pronouns,1306,Grammar Concepts
Relative Pronouns: Whom,Nouns & Pronouns,1337,Grammar Concepts
Relative Pronouns: Whom,Nouns & Pronouns,1338,Grammar Concepts
Relative Pronouns: Whose,Nouns & Pronouns,1329,Grammar Concepts
Relative Pronouns: Whose,Nouns & Pronouns,1350,Grammar Concepts
Relative Pronouns: Whose,Nouns & Pronouns,1351,Grammar Concepts
Relative Pronouns: Whose,Nouns & Pronouns,1330,Grammar Concepts
Relative Pronouns: Whose,Nouns & Pronouns,1331,Grammar Concepts
Relative Pronouns: Whose,Nouns & Pronouns,1287,Grammar Concepts
Relative Pronouns: Whose,Nouns & Pronouns,1288,Grammar Concepts
Relative Pronouns: Whose,Nouns & Pronouns,1289,Grammar Concepts
Relative Pronouns: Whose,Nouns & Pronouns,1290,Grammar Concepts
Relative Pronouns: Whose,Nouns & Pronouns,1291,Grammar Concepts
Relative Pronouns: Whose,Nouns & Pronouns,1335,Grammar Concepts
Relative Pronouns: Whose,Nouns & Pronouns,1336,Grammar Concepts
Relative Pronouns: Whose,Nouns & Pronouns,1353,Grammar Concepts
Relative Pronouns: Why,Nouns & Pronouns,1344,Grammar Concepts
Relative Pronouns: Why,Nouns & Pronouns,1345,Grammar Concepts
Relative Pronouns: Why,Nouns & Pronouns,1346,Grammar Concepts
Relative Pronouns: Why,Nouns & Pronouns,1307,Grammar Concepts
Relative Pronouns: Why,Nouns & Pronouns,1308,Grammar Concepts
Relative Pronouns: Why,Nouns & Pronouns,1309,Grammar Concepts
Relative Pronouns: Why,Nouns & Pronouns,1310,Grammar Concepts
Relative Pronouns: Why,Nouns & Pronouns,1311,Grammar Concepts
Relative Pronouns: Why,Nouns & Pronouns,1347,Grammar Concepts
Relative Pronouns: Why,Nouns & Pronouns,1348,Grammar Concepts
Relative Pronouns: Why,Nouns & Pronouns,1364,Grammar Concepts
Relative Pronouns: Why,Nouns & Pronouns,1365,Grammar Concepts
Shone,Commonly Confused Words,852,Grammar Concepts
Should,Verbs,366,Grammar Concepts
Should,Verbs,619,Grammar Concepts
Singular Nouns,Nouns & Pronouns,1671,Grammar Concepts
Singular Nouns,Nouns & Pronouns,1661,Grammar Concepts
Singular Nouns,Nouns & Pronouns,1662,Grammar Concepts
Singular Nouns,Nouns & Pronouns,1667,Grammar Concepts
Singular Nouns,Nouns & Pronouns,1656,Grammar Concepts
Singular Nouns,Nouns & Pronouns,1654,Grammar Concepts
Singular Nouns,Nouns & Pronouns,1670,Grammar Concepts
Singular Nouns,Nouns & Pronouns,1653,Grammar Concepts
Singular Nouns,Nouns & Pronouns,1664,Grammar Concepts
Singular Nouns,Nouns & Pronouns,1659,Grammar Concepts
Singular Nouns,Nouns & Pronouns,1658,Grammar Concepts
Singular Nouns,Nouns & Pronouns,1666,Grammar Concepts
Singular Nouns,Nouns & Pronouns,1665,Grammar Concepts
Singular Nouns,Nouns & Pronouns,1669,Grammar Concepts
Singular Nouns,Nouns & Pronouns,1660,Grammar Concepts
Singular Nouns,Nouns & Pronouns,1663,Grammar Concepts
Singular Nouns,Nouns & Pronouns,1652,Grammar Concepts
Singular Nouns,Nouns & Pronouns,1650,Grammar Concepts
Singular Possessive,Nouns & Pronouns,2084,Grammar Concepts
Singular Possessive,Nouns & Pronouns,1699,Grammar Concepts
Singular Possessive,Nouns & Pronouns,1700,Grammar Concepts
Singular Possessive,Nouns & Pronouns,922,Grammar Concepts
Singular Possessive,Nouns & Pronouns,2029,Grammar Concepts
Singular Possessive,Nouns & Pronouns,2073,Grammar Concepts
Singular Possessive,Nouns & Pronouns,2072,Grammar Concepts
So,Conjunctions,1788,Grammar Concepts
So,Conjunctions,1781,Grammar Concepts
So,Conjunctions,1776,Grammar Concepts
So,Conjunctions,1777,Grammar Concepts
So,Conjunctions,1778,Grammar Concepts
So,Conjunctions,1779,Grammar Concepts
So,Conjunctions,1780,Grammar Concepts
So,Conjunctions,1782,Grammar Concepts
So,Conjunctions,1783,Grammar Concepts
So,Conjunctions,1784,Grammar Concepts
So,Conjunctions,1774,Grammar Concepts
So,Conjunctions,1775,Grammar Concepts
Spaces with Periods,Punctuation,1974,Grammar Concepts
Spaces with Punctuation,Punctuation,1979,Grammar Concepts
Spaces with Punctuation,Punctuation,1980,Grammar Concepts
Subjective Pronouns,Nouns & Pronouns,2016,Grammar Concepts
Subjective Pronouns,Nouns & Pronouns,2022,Grammar Concepts
Subjective Pronouns,Nouns & Pronouns,2017,Grammar Concepts
Subjective Pronouns,Nouns & Pronouns,2026,Grammar Concepts
Subjective Pronouns,Nouns & Pronouns,2015,Grammar Concepts
Superlative Adjectives,Adjectives & Adverbs,1391,Grammar Concepts
Superlative Adjectives,Adjectives & Adverbs,1390,Grammar Concepts
Superlative Adjectives,Adjectives & Adverbs,1389,Grammar Concepts
Superlative Adjectives,Adjectives & Adverbs,1392,Grammar Concepts
Superlative Adjectives,Adjectives & Adverbs,1400,Grammar Concepts
Superlative Adjectives,Adjectives & Adverbs,1402,Grammar Concepts
Superlative Adjectives,Adjectives & Adverbs,1401,Grammar Concepts
Superlative Adjectives,Adjectives & Adverbs,1403,Grammar Concepts
Superlative Adjectives,Adjectives & Adverbs,1404,Grammar Concepts
Superlative Adjectives,Adjectives & Adverbs,1394,Grammar Concepts
Superlative Adjectives,Adjectives & Adverbs,1393,Grammar Concepts
Superlative Adjectives: Best,Adjectives & Adverbs,1407,Grammar Concepts
Superlative Adjectives: Best,Adjectives & Adverbs,1405,Grammar Concepts
Superlative Adjectives: Worst,Adjectives & Adverbs,1411,Grammar Concepts
Superlative Adjectives: Worst,Adjectives & Adverbs,1412,Grammar Concepts
Than,Commonly Confused Words,1237,Grammar Concepts
Than,Commonly Confused Words,1238,Grammar Concepts
Than,Commonly Confused Words,404,Grammar Concepts
Than,Commonly Confused Words,405,Grammar Concepts
Than,Commonly Confused Words,406,Grammar Concepts
Than,Commonly Confused Words,407,Grammar Concepts
Than,Commonly Confused Words,1232,Grammar Concepts
Than,Commonly Confused Words,1233,Grammar Concepts
That's,Contractions,1846,Grammar Concepts
That's,Contractions,1847,Grammar Concepts
That's,Contractions,1850,Grammar Concepts
That's,Contractions,1851,Grammar Concepts
The,Determiners,1556,Grammar Concepts
The,Determiners,1557,Grammar Concepts
The,Determiners,1558,Grammar Concepts
The,Determiners,1559,Grammar Concepts
The,Determiners,1560,Grammar Concepts
The,Determiners,1561,Grammar Concepts
The,Determiners,1562,Grammar Concepts
The,Determiners,1567,Grammar Concepts
The,Determiners,1568,Grammar Concepts
Their,Commonly Confused Words,1244,Grammar Concepts
Their,Commonly Confused Words,1245,Grammar Concepts
Their,Commonly Confused Words,1248,Grammar Concepts
Their,Commonly Confused Words,1249,Grammar Concepts
Then,Commonly Confused Words,1236,Grammar Concepts
Then,Commonly Confused Words,1239,Grammar Concepts
Then,Commonly Confused Words,403,Grammar Concepts
Then,Commonly Confused Words,1234,Grammar Concepts
Then,Commonly Confused Words,1235,Grammar Concepts
There,Commonly Confused Words,1246,Grammar Concepts
There,Commonly Confused Words,1247,Grammar Concepts
There,Commonly Confused Words,1250,Grammar Concepts
There,Commonly Confused Words,1251,Grammar Concepts
These,Determiners,1575,Grammar Concepts
These,Determiners,1576,Grammar Concepts
These,Determiners,1577,Grammar Concepts
These,Determiners,1578,Grammar Concepts
These,Determiners,1573,Grammar Concepts
They're,Commonly Confused Words,1242,Grammar Concepts
They're,Commonly Confused Words,1243,Grammar Concepts
They're,Commonly Confused Words,1240,Grammar Concepts
They're,Commonly Confused Words,1241,Grammar Concepts
This,Determiners,1546,Grammar Concepts
This,Determiners,1547,Grammar Concepts
This,Determiners,1549,Grammar Concepts
This,Determiners,1551,Grammar Concepts
This,Determiners,1554,Grammar Concepts
This,Determiners,1555,Grammar Concepts
Those,Determiners,1579,Grammar Concepts
Those,Determiners,1580,Grammar Concepts
Those,Determiners,1581,Grammar Concepts
Those,Determiners,1571,Grammar Concepts
Those,Determiners,1572,Grammar Concepts
Those,Determiners,1574,Grammar Concepts
Throne,Commonly Confused Words,820,Grammar Concepts
Throne,Commonly Confused Words,822,Grammar Concepts
Thrown,Commonly Confused Words,821,Grammar Concepts
To,Commonly Confused Words,1254,Grammar Concepts
To,Commonly Confused Words,1255,Grammar Concepts
To,Commonly Confused Words,1252,Grammar Concepts
To,Commonly Confused Words,1253,Grammar Concepts
To,Commonly Confused Words,1260,Grammar Concepts
Too,Commonly Confused Words,1256,Grammar Concepts
Too,Commonly Confused Words,1257,Grammar Concepts
Too,Commonly Confused Words,1261,Grammar Concepts
Two,Commonly Confused Words,1258,Grammar Concepts
Two,Commonly Confused Words,1259,Grammar Concepts
Two,Commonly Confused Words,1262,Grammar Concepts
Two,Commonly Confused Words,1263,Grammar Concepts
Two Adjectives,Adjectives & Adverbs,768,Grammar Concepts
Two Adjectives,Adjectives & Adverbs,769,Grammar Concepts
Two Adjectives,Adjectives & Adverbs,770,Grammar Concepts
Verb Mood Shift,Verbs,1991,Grammar Concepts
Verb Tense Shift,Verbs,1170,Grammar Concepts
Verb Tense Shift,Verbs,777,Grammar Concepts
Verb Tense Shift,Verbs,1985,Grammar Concepts
Verb Tense Shift,Verbs,1987,Grammar Concepts
Verb Tense Shift,Verbs,1988,Grammar Concepts
Verb Tense Shift,Verbs,1986,Grammar Concepts
Verb Tense Shift,Verbs,1989,Grammar Concepts
Verb Tense Shift,Verbs,1990,Grammar Concepts
Verb Tense Shift,Verbs,1178,Grammar Concepts
Verb Tense Shift,Verbs,1177,Grammar Concepts
Won't,Contractions,1837,Grammar Concepts
Won't,Contractions,1838,Grammar Concepts
Won't,Contractions,1839,Grammar Concepts
Won't,Contractions,1840,Grammar Concepts
Won't,Contractions,1841,Grammar Concepts
You're,Commonly Confused Words,1269,Grammar Concepts
You're,Commonly Confused Words,1270,Grammar Concepts
You're,Commonly Confused Words,1272,Grammar Concepts
You're,Commonly Confused Words,1273,Grammar Concepts
You're,Commonly Confused Words,1862,Grammar Concepts
You're,Commonly Confused Words,1863,Grammar Concepts
You're,Contractions,1858,Grammar Concepts
You're,Contractions,1859,Grammar Concepts
Your,Commonly Confused Words,1266,Grammar Concepts
Your,Commonly Confused Words,1267,Grammar Concepts
Your,Commonly Confused Words,1268,Grammar Concepts
Your,Commonly Confused Words,1271,Grammar Concepts
Your,Commonly Confused Words,1264,Grammar Concepts
Your,Commonly Confused Words,1265,Grammar Concepts
Yourself,Nouns & Pronouns,1478,Grammar Concepts
Yourself,Nouns & Pronouns,1479,Grammar Concepts
Yourself,Nouns & Pronouns,1480,Grammar Concepts
Yourself,Nouns & Pronouns,1481,Grammar Concepts
Yourself,Nouns & Pronouns,1482,Grammar Concepts
Yourselves,Nouns & Pronouns,1483,Grammar Concepts
